<?xml version="1.0" encoding="UTF-8" ?>
<b:beans xmlns="http://www.springframework.org/schema/security"
	xmlns:b="http://www.springframework.org/schema/beans" 
	xmlns:xsi="http://www.w3.org/2001/XMLSchema-instance"
	xsi:schemaLocation="http://www.springframework.org/schema/beans 	
 http://www.springframework.org/schema/beans/spring-beans.xsd 
 http://www.springframework.org/schema/security 
 http://www.springframework.org/schema/security/spring-security.xsd">


	<global-method-security  secured-annotations="enabled"/>
	
	<!--
	<http auto-config="true"
			access-denied-page="/error/acessoNegado.xhtml" 
			use-expressions="true">
	-->
<!--			
<security:http use-expressions="true">
    <security:intercept-url pattern="/adminPortal" access="hasRole('admin')" />
    <security:intercept-url pattern="/addDrug" access="hasRole('admin')" />
    <security:intercept-url pattern="/drugAdded" access="hasRole('admin')" />
    <security:intercept-url pattern="/addingDrug" access="hasRole('admin')" />
    <security:intercept-url pattern="/drugList" access="hasRole('admin')" />
    <security:intercept-url pattern="/userList" access="hasRole('admin')" />
    <security:intercept-url pattern="/doctorPortal" access="hasRole('doctor')" />
    <security:intercept-url pattern="/pharmacistPortal" access="hasRole('pharmacist')" />
    <security:intercept-url pattern="/customerPortal" access="hasRole('customer')" />
    <security:intercept-url pattern="/" access="permitAll" />
    <security:intercept-url pattern="/resources/**" access="permitAll" />
    <security:intercept-url pattern="/login" access="permitAll" />
    <security:intercept-url pattern="/newAccount" access="permitAll" />
    <security:intercept-url pattern="/accountCreated" access="permitAll" />
    <security:intercept-url pattern="/createAccount" access="permitAll" />
    <security:intercept-url pattern="/logout" access="permitAll" />
    <security:intercept-url pattern="/**" access="denyAll" />
    <security:form-login login-page="/login" authentication-failure-url="/login?error=true" />
    <security:logout logout-success-url="/logout" />
</security:http>
-->
	<http auto-config="true" use-expressions="true" disable-url-rewriting="true" >
		<!-- <csrf disabled="true"/> -->
		
		<access-denied-handler error-page="/error/acessoNegado.xhtml" />	
		<!--
		<intercept-url pattern="/**" access="denyAll" /> 
		-->
		<!--
		<intercept-url pattern="/j_spring_security_check" access="permitAll"  />
		-->
		<!--
        <form-login login-page='/j_spring_security_check'
            username-parameter="j_username"
            password-parameter="j_password"
            login-processing-url="/j_spring_security_check"
            authentication-failure-url="/login?auth=fail"
            default-target-url="/restrito/principal.jsf"  />
		-->	
		
		<!--		
		<form-login login-page="/login" 
            username-parameter="j_username"
            password-parameter="j_password"
            login-processing-url="/j_spring_security_check"
			always-use-default-target="true" 
			default-target-url="/restrito/principal.jsf"
			authentication-failure-url="/publico/login.jsf?login_error=1" 
		/>
        -->	
		
		<intercept-url pattern="/login" access="permitAll"  />
		
		<form-login login-page="/publico/login.jsf" 
		    username-parameter="username"
            password-parameter="password"
        	always-use-default-target="false" 
            login-processing-url="/login"
			default-target-url="/restrito/principal.jsf"
			authentication-failure-url="/publico/login.jsf?login_error=1"/>
		
		<logout invalidate-session="true" logout-success-url="/publico/login.jsf" 
		  logout-url="/j_spring_security_logout" delete-cookies="JSESSIONID"/>
		  
		  
	   <intercept-url pattern="/cadastro/cad_permissao.jsf" 
	    access="hasAnyRole('ADMIN')" method="POST"/>
	    
	   <intercept-url pattern="/resources/components/**" 
	   access="isAuthenticated() and hasAnyRole('USER')"/> 	
	   
	   <intercept-url pattern="/resources/**" 
	   access="isAuthenticated() and hasAnyRole('USER')"/>
	   
	   <intercept-url pattern="/restrito/**" 
		access="isAuthenticated() and hasAnyRole('USER')"/>
		
		<intercept-url pattern="/error/**" 
		access="isAnonymous() or isAuthenticated() or !isAuthenticated()"/>
		
		<intercept-url pattern="/templates/**"
		 access="isAuthenticated() and hasAnyRole('USER')"/>
		 
		 <intercept-url pattern="/cadastro/**" 
		access="isAuthenticated() and hasAnyRole('USER')"/>
		
		<intercept-url pattern="/publico/**" access="permitAll" /> 
		
		<remember-me token-validity-seconds="1209600"/>	
		
		<session-management invalid-session-url="/publico/login.jsf"
		   session-fixation-protection="migrateSession">
		   <concurrency-control max-sessions="1"
		    expired-url="/publico/login.jsf"
		    error-if-maximum-exceeded="true"/>
		
		</session-management>	
	
	</http>
	
	<authentication-manager>
		 <authentication-provider>
		 		<!--<password-encoder hash="plaintext"/>-->
		 		<jdbc-user-service data-source-ref="springDataSource"
		 		
		 		users-by-username-query="select ent_login as username,
								        ent_senha as password,
								        'true' as enable
								        from entidade 
								        where ent_inativo = false
								        and upper(ent_login) = upper(?)"
		 		
		 		authorities-by-username-query="select u.ent_login as username,
										p.esa_codigo as authority
										from entidade u
										join entidadeacesso p
										on u.ent_codigo = p.ent_codigo
										where u.ent_inativo = false
										and upper(u.ent_login) = upper(?)"/>
		 </authentication-provider>
	</authentication-manager>
	

 </b:beans>