<?xml version="1.0" encoding="UTF-8"?>
<faces-config version="2.0"
	xmlns="https://xmlns.jcp.org/xml/ns/javaee"
	xmlns:xi="https://www.w3.org/2001/XInclude"
	xmlns:xsi="https://www.w3.org/2001/XMLSchema-instance"
	xsi:schemaLocation="https://xmlns.jcp.org/xml/ns/javaee https://xmlns.jcp.org/xml/ns/javaee/web-facesconfig_2_0.xsd">

	<application>
	  <el-resolver>org.springframework.web.jsf.el.SpringBeanFacesELResolver</el-resolver>
	  
	  <system-event-listener>
	  </system-event-listener>
	  
	  
	  <action-listener>org.primefaces.application.DialogActionListener</action-listener>
	  <navigation-handler>org.primefaces.application.DialogNavigationHandler</navigation-handler>
	  <view-handler>org.primefaces.application.DialogViewHandler</view-handler>
	  
	
	</application>
	
	
	<factory>
		<exception-handler-factory>br.com.project.exception.CustomExceptionHandlerFactory</exception-handler-factory>
	</factory>
	
</faces-config>